{"stat.useItem.minecraft.lapis_block":2,"stat.useItem.minecraft.stone":366,"stat.leaveGame":9,"stat.useItem.minecraft.potion":1,"stat.jump":267,"stat.swimOneCm":3987,"stat.useItem.minecraft.concrete_powder":1,"stat.useItem.minecraft.planks":68,"stat.climbOneCm":39,"stat.crouchOneCm":9585,"stat.craftItem.minecraft.banner":14,"stat.useItem.minecraft.obsidian":4,"stat.useItem.minecraft.dirt":88,"stat.useItem.minecraft.stone_button":12,"stat.useItem.minecraft.stone_slab2":3111,"stat.useItem.minecraft.water_bucket":160,"stat.useItem.minecraft.emerald_ore":1,"stat.craftingTableInteraction":9,"stat.useItem.minecraft.glass":1,"stat.useItem.minecraft.vine":246,"stat.damageTaken":240,"stat.useItem.minecraft.stone_brick_stairs":192,"stat.useItem.minecraft.gold_block":4,"stat.useItem.minecraft.anvil":1,"stat.flyOneCm":2498383,"stat.useItem.minecraft.wool":1,"stat.timeSinceDeath":278726,"stat.useItem.minecraft.wooden_slab":86,"stat.useItem.minecraft.iron_bars":5,"stat.walkOneCm":27634,"stat.useItem.minecraft.log":59,"stat.useItem.minecraft.cobblestone":86,"stat.useItem.minecraft.gravel":44,"stat.useItem.minecraft.emerald_block":1,"stat.useItem.minecraft.double_plant":7,"stat.shulkerBoxOpened":3,"stat.useItem.minecraft.spruce_fence":16,"stat.useItem.minecraft.stained_hardened_clay":4,"stat.useItem.minecraft.leaves":701,"stat.useItem.minecraft.trapdoor":1,"stat.sprintOneCm":17547,"stat.useItem.minecraft.tallgrass":46,"stat.useItem.minecraft.concrete":898,"stat.useItem.minecraft.stone_stairs":54,"stat.useItem.minecraft.prismarine":1,"stat.useItem.minecraft.stone_slab":152,"stat.useItem.minecraft.barrier":201,"stat.useItem.minecraft.wooden_button":28,"stat.useItem.minecraft.stonebrick":277,"stat.deaths":1,"stat.useItem.minecraft.mossy_cobblestone":168,"stat.useItem.minecraft.cobblestone_wall":26,"stat.playOneMinute":278849,"stat.useItem.minecraft.banner":4,"stat.sneakTime":12905}