{"stat.useItem.minecraft.iron_bars":4,"stat.walkOneCm":49248,"stat.useItem.minecraft.torch":8,"stat.useItem.minecraft.stone":100,"stat.leaveGame":5,"stat.useItem.minecraft.log":26,"stat.useItem.minecraft.cobblestone":3,"stat.useItem.minecraft.carpet":37,"stat.useItem.minecraft.flower_pot":3,"stat.jump":215,"stat.swimOneCm":579,"stat.useItem.minecraft.double_plant":21,"stat.climbOneCm":677,"stat.shulkerBoxOpened":4,"stat.crouchOneCm":7180,"stat.useItem.minecraft.spruce_fence":1,"stat.useItem.minecraft.stained_hardened_clay":6,"stat.useItem.minecraft.stone_button":16,"stat.useItem.minecraft.dirt":123,"stat.useItem.minecraft.trapdoor":5,"stat.sprintOneCm":22635,"stat.useItem.minecraft.stone_slab2":936,"stat.useItem.minecraft.tallgrass":2,"stat.useItem.minecraft.concrete":3,"stat.useItem.minecraft.stone_slab":135,"stat.useItem.minecraft.sapling":5,"stat.useItem.minecraft.barrier":54,"stat.useItem.minecraft.vine":32,"stat.useItem.minecraft.wooden_button":5,"stat.useItem.minecraft.stone_brick_stairs":118,"stat.useItem.minecraft.stonebrick":242,"stat.useItem.minecraft.dye":25,"stat.flyOneCm":1127587,"stat.useItem.minecraft.mossy_cobblestone":25,"stat.playOneMinute":61461,"stat.sneakTime":4387,"stat.useItem.minecraft.wool":25,"stat.timeSinceDeath":61461,"stat.useItem.minecraft.birch_stairs":2,"stat.useItem.minecraft.wooden_slab":11}