{
  "stats": {
    "minecraft:dropped": {
      "minecraft:barrier": 1,
      "minecraft:stone_bricks": 1,
      "minecraft:grass_block": 2,
      "minecraft:andesite_stairs": 1,
      "minecraft:light_gray_shulker_box": 1
    },
    "minecraft:picked_up": {
      "minecraft:light_gray_shulker_box": 1,
      "minecraft:stone_bricks": 1,
      "minecraft:grass_block": 2,
      "minecraft:barrier": 1,
      "minecraft:andesite_stairs": 1
    },
    "minecraft:used": {
      "minecraft:prismarine": 302,
      "minecraft:oak_trapdoor": 94,
      "minecraft:oak_fence": 25,
      "minecraft:spruce_fence": 84,
      "minecraft:white_terracotta": 172,
      "minecraft:daylight_detector": 18,
      "minecraft:spruce_stairs": 18,
      "minecraft:iron_block": 99,
      "minecraft:bamboo": 9,
      "minecraft:black_banner": 209,
      "minecraft:tnt": 6,
      "minecraft:glow_berries": 1,
      "minecraft:oak_sign": 19,
      "minecraft:ladder": 21,
      "minecraft:stone_bricks": 4110,
      "minecraft:command_block": 4,
      "minecraft:quartz_block": 20,
      "minecraft:hay_block": 124,
      "minecraft:piston": 26,
      "minecraft:cobblestone_wall": 187,
      "minecraft:oak_slab": 155,
      "minecraft:white_stained_glass": 8,
      "minecraft:map": 3,
      "minecraft:sea_lantern": 12,
      "minecraft:oak_log": 100,
      "minecraft:red_sandstone_stairs": 156,
      "minecraft:dead_bush": 252,
      "minecraft:cobblestone": 219,
      "minecraft:stone": 2699,
      "minecraft:barrier": 1010,
      "minecraft:crafting_table": 8,
      "minecraft:white_carpet": 273,
      "minecraft:potion": 1,
      "minecraft:armor_stand": 8,
      "minecraft:sandstone_stairs": 2,
      "minecraft:vine": 527,
      "minecraft:polished_diorite": 3,
      "minecraft:mossy_cobblestone": 433,
      "minecraft:diamond_shovel": 12,
      "minecraft:white_dye": 1,
      "minecraft:water_bucket": 310,
      "minecraft:item_frame": 9,
      "minecraft:white_shulker_box": 25,
      "minecraft:light_gray_shulker_box": 7,
      "minecraft:white_concrete_powder": 32,
      "minecraft:torch": 35,
      "minecraft:dirt": 5043,
      "minecraft:terracotta": 20,
      "minecraft:sunflower": 355,
      "minecraft:cobblestone_stairs": 64,
      "minecraft:white_concrete": 1146,
      "minecraft:oak_button": 16,
      "minecraft:red_sandstone_slab": 31118,
      "minecraft:oak_leaves": 29,
      "minecraft:ink_sac": 94,
      "minecraft:stone_button": 268,
      "minecraft:gravel": 2,
      "minecraft:debug_stick": 180,
      "minecraft:glow_ink_sac": 1,
      "minecraft:white_wool": 61,
      "minecraft:iron_bars": 44,
      "minecraft:nether_brick_fence": 2,
      "minecraft:stone_brick_stairs": 1328,
      "minecraft:ender_chest": 18,
      "minecraft:iron_trapdoor": 44,
      "minecraft:chest": 7,
      "minecraft:red_sandstone": 292,
      "minecraft:oak_planks": 233,
      "minecraft:flower_pot": 23,
      "minecraft:quartz_stairs": 4,
      "minecraft:smooth_stone_slab": 1375
    },
    "minecraft:custom": {
      "minecraft:time_since_rest": 1718521,
      "minecraft:walk_one_cm": 1524026,
      "minecraft:leave_game": 61,
      "minecraft:walk_under_water_one_cm": 53617,
      "minecraft:damage_taken": 440,
      "minecraft:play_time": 3186890,
      "minecraft:damage_dealt": 0,
      "minecraft:open_shulker_box": 21,
      "minecraft:jump": 8842,
      "minecraft:time_since_death": 2942608,
      "minecraft:drop": 6,
      "minecraft:open_enderchest": 22,
      "minecraft:open_barrel": 1,
      "minecraft:sprint_one_cm": 854658,
      "minecraft:open_chest": 1,
      "minecraft:inspect_dispenser": 4,
      "minecraft:total_world_time": 1884327,
      "minecraft:fly_one_cm": 37883283,
      "minecraft:walk_on_water_one_cm": 288535,
      "minecraft:crouch_one_cm": 135733,
      "minecraft:sneak_time": 156506,
      "minecraft:deaths": 1,
      "minecraft:climb_one_cm": 9761
    }
  },
  "DataVersion": 4671
}